Modelo,Test Accuracy,Test Precision,Test Recall,Test F1,Test AUC-ROC
XGBoost,0.7855168601437258,0.39626168224299063,0.7653429602888087,0.5221674876847291,0.8610178997275924
Logistic Regression,0.2614704256495301,0.16926920674578388,0.9783393501805054,0.288604898828541,0.8114731692603518
Random Forest,0.3294637921503593,0.1837837837837838,0.9819494584837545,0.30961866818440525,0.7185482274651007
