Modelo,Test Accuracy,Test Precision,Test Recall,Test F1,Test AUC-ROC
XGBoost,0.7681159420289855,0.34814814814814815,0.6619718309859155,0.4563106796116505,0.8167988513605907
Logistic Regression,0.2236024844720497,0.15296803652968036,0.9436619718309859,0.2632612966601179,0.7436072747162586
Random Forest,0.38095238095238093,0.18156424581005587,0.9154929577464789,0.30303030303030304,0.6865000683713933
