Modelo,Test Accuracy,Test Precision,Test Recall,Test F1,Test AUC-ROC
XGBoost,0.8778467908902692,0.7727272727272727,0.23943661971830985,0.3655913978494624,0.8176534937782033
Random Forest,0.8530020703933747,0.0,0.0,0.0,0.7607684944619172
Logistic Regression,0.855072463768116,1.0,0.014084507042253521,0.027777777777777776,0.7082934500205115
