{
  "Logistic Regression": {
    "modelo": "Logistic Regression",
    "train": {
      "accuracy": 0.548774126238915,
      "precision": 0.5256938719428415,
      "recall": 0.9979134063641106,
      "f1": 0.6886249100071994,
      "roc_auc": 0.7748097969761807
    },
    "val": {
      "accuracy": 0.2277432712215321,
      "precision": 0.1552511415525114,
      "recall": 0.9577464788732394,
      "f1": 0.26719056974459726,
      "roc_auc": 0.7355052645972924
    },
    "test": {
      "accuracy": 0.2236024844720497,
      "precision": 0.15296803652968036,
      "recall": 0.9436619718309859,
      "f1": 0.2632612966601179,
      "roc_auc": 0.7436072747162586
    }
  },
  "Random Forest": {
    "modelo": "Random Forest",
    "train": {
      "accuracy": 0.6499739175795514,
      "precision": 0.5883799569628035,
      "recall": 0.9984350547730829,
      "f1": 0.7404255319148936,
      "roc_auc": 0.8367837776868907
    },
    "val": {
      "accuracy": 0.3995859213250518,
      "precision": 0.19154929577464788,
      "recall": 0.9577464788732394,
      "f1": 0.3192488262910798,
      "roc_auc": 0.7254033912211131
    },
    "test": {
      "accuracy": 0.38095238095238093,
      "precision": 0.18156424581005587,
      "recall": 0.9154929577464789,
      "f1": 0.30303030303030304,
      "roc_auc": 0.6865000683713933
    },
    "feature_importance": {
      "peso": 0.03745920939427964,
      "talla": 0.024302598036877277,
      "imc": 0.05182692134446741,
      "cc": 0.08328271959277375,
      "ldl": 0.058862372416056886,
      "hdl": 0.05665744433049248,
      "trigliceridos": 0.04619681123494186,
      "colesterol_total": 0.04399176362170239,
      "insulina_ayunas": 0.08744863285423703,
      "no_hdl": 0.043098777684157125,
      "homa_ir": 0.30407711404813115,
      "tg_hdl_ratio": 0.05669755441067822,
      "ldl_hdl_ratio": 0.0334536951105731,
      "aip": 0.0726443859206317,
      "actividad_encoded": 0.0
    }
  },
  "XGBoost": {
    "modelo": "XGBoost",
    "train": {
      "accuracy": 0.8661971830985915,
      "precision": 0.8289597000937207,
      "recall": 0.9227960354720918,
      "f1": 0.8733646013330042,
      "roc_auc": 0.9441927361615547
    },
    "val": {
      "accuracy": 0.7619047619047619,
      "precision": 0.35714285714285715,
      "recall": 0.7746478873239436,
      "f1": 0.4888888888888889,
      "roc_auc": 0.8436859018186792
    },
    "test": {
      "accuracy": 0.7681159420289855,
      "precision": 0.34814814814814815,
      "recall": 0.6619718309859155,
      "f1": 0.4563106796116505,
      "roc_auc": 0.8167988513605907
    },
    "feature_importance": {
      "peso": "0.024659654",
      "talla": "0.04450422",
      "imc": "0.055872228",
      "cc": "0.0778795",
      "ldl": "0.09083365",
      "hdl": "0.07777604",
      "trigliceridos": "0.060773596",
      "colesterol_total": "0.053083546",
      "insulina_ayunas": "0.09664163",
      "no_hdl": "0.048844367",
      "homa_ir": "0.17317955",
      "tg_hdl_ratio": "0.1064023",
      "ldl_hdl_ratio": "0.07599461",
      "aip": "0.013555158",
      "actividad_encoded": "0.0"
    }
  }
}