{
  "Logistic Regression": {
    "modelo": "Logistic Regression",
    "train": {
      "accuracy": 0.5641797312430011,
      "precision": 0.534549016652852,
      "recall": 0.9930011198208286,
      "f1": 0.6949791819740387,
      "roc_auc": 0.8120058069544259
    },
    "val": {
      "accuracy": 0.2581536760641238,
      "precision": 0.16614420062695925,
      "recall": 0.9566787003610109,
      "f1": 0.2831196581196581,
      "roc_auc": 0.7472452894213458
    },
    "test": {
      "accuracy": 0.2614704256495301,
      "precision": 0.16926920674578388,
      "recall": 0.9783393501805054,
      "f1": 0.288604898828541,
      "roc_auc": 0.8114731692603518
    }
  },
  "Random Forest": {
    "modelo": "Random Forest",
    "train": {
      "accuracy": 0.6077127659574468,
      "precision": 0.5605190719622493,
      "recall": 0.9976203807390818,
      "f1": 0.7177602094768115,
      "roc_auc": 0.7951591575135212
    },
    "val": {
      "accuracy": 0.32725262576008846,
      "precision": 0.17983651226158037,
      "recall": 0.9530685920577617,
      "f1": 0.3025787965616046,
      "roc_auc": 0.6934070750582048
    },
    "test": {
      "accuracy": 0.3294637921503593,
      "precision": 0.1837837837837838,
      "recall": 0.9819494584837545,
      "f1": 0.30961866818440525,
      "roc_auc": 0.7185482274651007
    },
    "feature_importance": {
      "peso": 0.0173263442607129,
      "talla": 0.018197818039450187,
      "imc": 0.06021825764960172,
      "cc": 0.14082035826686717,
      "ldl": 0.017297229190132036,
      "hdl": 0.10311475454442959,
      "trigliceridos": 0.007171399414786005,
      "colesterol_total": 0.032576651119554254,
      "pa_sis": 0.05857221299808688,
      "pa_dia": 0.013234154341711067,
      "insulina_ayunas": 0.06784841635013604,
      "no_hdl": 0.04163992298729627,
      "homa_ir": 0.39434193517661664,
      "tg_hdl_ratio": 0.011655509707592007,
      "ldl_hdl_ratio": 0.0071869614667764425,
      "aip": 0.008798074486250832,
      "actividad_encoded": 0.0
    }
  },
  "XGBoost": {
    "modelo": "XGBoost",
    "train": {
      "accuracy": 0.8201987681970885,
      "precision": 0.8045533217947011,
      "recall": 0.8458846584546472,
      "f1": 0.8247014670760833,
      "roc_auc": 0.9075438131466714
    },
    "val": {
      "accuracy": 0.7589828634604754,
      "precision": 0.34442270058708413,
      "recall": 0.6353790613718412,
      "f1": 0.4467005076142132,
      "roc_auc": 0.8066589060334994
    },
    "test": {
      "accuracy": 0.7855168601437258,
      "precision": 0.39626168224299063,
      "recall": 0.7653429602888087,
      "f1": 0.5221674876847291,
      "roc_auc": 0.8610178997275924
    },
    "feature_importance": {
      "peso": "0.029913593",
      "talla": "0.038503855",
      "imc": "0.0460208",
      "cc": "0.08511801",
      "ldl": "0.055559374",
      "hdl": "0.12664513",
      "trigliceridos": "0.01834628",
      "colesterol_total": "0.06554223",
      "pa_sis": "0.07419202",
      "pa_dia": "0.04667328",
      "insulina_ayunas": "0.12503967",
      "no_hdl": "0.033011388",
      "homa_ir": "0.19703448",
      "tg_hdl_ratio": "0.032612734",
      "ldl_hdl_ratio": "0.025787191",
      "aip": "0.0",
      "actividad_encoded": "0.0"
    }
  }
}