{
  "modelo": "XGBoost_Simplificado",
  "features": [
    "peso",
    "talla",
    "imc",
    "cc",
    "ldl",
    "trigliceridos",
    "pa_sis",
    "pa_dia",
    "actividad_encoded"
  ],
  "n_features": 9,
  "train": {
    "accuracy": 0.7644176931690929,
    "precision": 0.7395384225209232,
    "recall": 0.8163493840985442,
    "f1": 0.7760479041916167,
    "auc_roc": 0.8539770450837608
  },
  "val": {
    "accuracy": 0.6589275843007186,
    "precision": 0.22756410256410256,
    "recall": 0.5126353790613718,
    "f1": 0.31520532741398444,
    "auc_roc": 0.6633303013450718
  },
  "test": {
    "accuracy": 0.6340519624101714,
    "precision": 0.21815519765739386,
    "recall": 0.5379061371841155,
    "f1": 0.3104166666666667,
    "auc_roc": 0.6597072324702378
  }
}