{
  "Logistic Regression": {
    "modelo": "Logistic Regression",
    "train": {
      "accuracy": 0.9817696754112939,
      "precision": 0.9965870307167235,
      "recall": 0.8795180722891566,
      "f1": 0.9344,
      "roc_auc": 0.999553770638108
    },
    "val": {
      "accuracy": 0.9813664596273292,
      "precision": 0.984375,
      "recall": 0.8873239436619719,
      "f1": 0.9333333333333333,
      "roc_auc": 0.9984616436482976
    },
    "test": {
      "accuracy": 0.9730848861283644,
      "precision": 0.9833333333333333,
      "recall": 0.8309859154929577,
      "f1": 0.9007633587786259,
      "roc_auc": 0.999384657459319
    }
  },
  "Random Forest": {
    "modelo": "Random Forest",
    "train": {
      "accuracy": 1.0,
      "precision": 1.0,
      "recall": 1.0,
      "f1": 1.0,
      "roc_auc": 1.0
    },
    "val": {
      "accuracy": 1.0,
      "precision": 1.0,
      "recall": 1.0,
      "f1": 1.0,
      "roc_auc": 1.0
    },
    "test": {
      "accuracy": 1.0,
      "precision": 1.0,
      "recall": 1.0,
      "f1": 1.0,
      "roc_auc": 1.0
    },
    "feature_importance": {
      "peso": 0.0030400073044937925,
      "talla": 0.0036382258928226857,
      "imc": 0.00703477713850836,
      "cc": 0.009188574783622378,
      "hba1c": 0.7506127470610312,
      "glucosa_ayunas": 0.1423658114843249,
      "ldl": 0.007152289270464328,
      "hdl": 0.007018578504214371,
      "trigliceridos": 0.00482611640589892,
      "colesterol_total": 0.0042653531182076055,
      "insulina_ayunas": 0.012720038268301658,
      "no_hdl": 0.002972374419568903,
      "homa_ir": 0.022585458196050713,
      "tg_hdl_ratio": 0.00994088510216755,
      "ldl_hdl_ratio": 0.0037469041895676113,
      "aip": 0.008891858860755046,
      "actividad_encoded": 0.0
    }
  },
  "XGBoost": {
    "modelo": "XGBoost",
    "train": {
      "accuracy": 1.0,
      "precision": 1.0,
      "recall": 1.0,
      "f1": 1.0,
      "roc_auc": 1.0
    },
    "val": {
      "accuracy": 1.0,
      "precision": 1.0,
      "recall": 1.0,
      "f1": 1.0,
      "roc_auc": 1.0
    },
    "test": {
      "accuracy": 1.0,
      "precision": 1.0,
      "recall": 1.0,
      "f1": 1.0,
      "roc_auc": 1.0
    },
    "feature_importance": {
      "peso": "0.0",
      "talla": "0.00069762836",
      "imc": "0.00048659812",
      "cc": "0.0023733696",
      "hba1c": "0.876974",
      "glucosa_ayunas": "0.094311945",
      "ldl": "0.0027421815",
      "hdl": "0.0",
      "trigliceridos": "0.0",
      "colesterol_total": "0.0018865381",
      "insulina_ayunas": "0.0",
      "no_hdl": "0.0",
      "homa_ir": "0.007275309",
      "tg_hdl_ratio": "0.012496937",
      "ldl_hdl_ratio": "0.0007554868",
      "aip": "0.0",
      "actividad_encoded": "0.0"
    }
  }
}