{
  "Logistic Regression": {
    "modelo": "Logistic Regression",
    "train": {
      "accuracy": 0.853268119164073,
      "precision": 0.5625,
      "recall": 0.02710843373493976,
      "f1": 0.05172413793103448,
      "roc_auc": 0.7073049632017899
    },
    "val": {
      "accuracy": 0.8571428571428571,
      "precision": 1.0,
      "recall": 0.028169014084507043,
      "f1": 0.0547945205479452,
      "roc_auc": 0.6851155476548613
    },
    "test": {
      "accuracy": 0.855072463768116,
      "precision": 1.0,
      "recall": 0.014084507042253521,
      "f1": 0.027777777777777776,
      "roc_auc": 0.7082934500205115
    }
  },
  "Random Forest": {
    "modelo": "Random Forest",
    "train": {
      "accuracy": 0.8541574032903513,
      "precision": 1.0,
      "recall": 0.012048192771084338,
      "f1": 0.023809523809523808,
      "roc_auc": 0.8601361628045829
    },
    "val": {
      "accuracy": 0.8530020703933747,
      "precision": 0.0,
      "recall": 0.0,
      "f1": 0.0,
      "roc_auc": 0.8116368111582114
    },
    "test": {
      "accuracy": 0.8530020703933747,
      "precision": 0.0,
      "recall": 0.0,
      "f1": 0.0,
      "roc_auc": 0.7607684944619172
    },
    "feature_importance": {
      "peso": 0.04375590303201425,
      "talla": 0.03550942018036124,
      "imc": 0.0745530317988328,
      "cc": 0.08143794933173774,
      "ldl": 0.07004959359779354,
      "hdl": 0.06655777769831007,
      "trigliceridos": 0.04677175163346821,
      "colesterol_total": 0.053829165405861704,
      "insulina_ayunas": 0.11813688542429475,
      "no_hdl": 0.05354747539378173,
      "homa_ir": 0.19511474207619664,
      "tg_hdl_ratio": 0.06820705344564833,
      "ldl_hdl_ratio": 0.03154249561152689,
      "aip": 0.060986755370171966,
      "actividad_encoded": 0.0
    }
  },
  "XGBoost": {
    "modelo": "XGBoost",
    "train": {
      "accuracy": 0.8963983992885727,
      "precision": 0.9230769230769231,
      "recall": 0.3253012048192771,
      "f1": 0.48106904231625836,
      "roc_auc": 0.9351309777450962
    },
    "val": {
      "accuracy": 0.8840579710144928,
      "precision": 0.8571428571428571,
      "recall": 0.2535211267605634,
      "f1": 0.391304347826087,
      "roc_auc": 0.8637016272391631
    },
    "test": {
      "accuracy": 0.8778467908902692,
      "precision": 0.7727272727272727,
      "recall": 0.23943661971830985,
      "f1": 0.3655913978494624,
      "roc_auc": 0.8176534937782033
    },
    "feature_importance": {
      "peso": "0.035712298",
      "talla": "0.045262117",
      "imc": "0.059636552",
      "cc": "0.069948316",
      "ldl": "0.06513376",
      "hdl": "0.0820739",
      "trigliceridos": "0.051817767",
      "colesterol_total": "0.047257777",
      "insulina_ayunas": "0.12433394",
      "no_hdl": "0.04453413",
      "homa_ir": "0.1432144",
      "tg_hdl_ratio": "0.06554545",
      "ldl_hdl_ratio": "0.08699275",
      "aip": "0.0785369",
      "actividad_encoded": "0.0"
    }
  }
}